http://yoichikademo.blob.core.windows.net/facelist-nogizaka46/中元日芽香（なかもとひめか）.jpg,中元日芽香（なかもとひめか）,1
http://yoichikademo.blob.core.windows.net/facelist-nogizaka46/中田花奈（なかだかな）.jpg,中田花奈（なかだかな）,1
http://yoichikademo.blob.core.windows.net/facelist-nogizaka46/井上小百合（いのうえさゆり）.jpg,井上小百合（いのうえさゆり）,1
http://yoichikademo.blob.core.windows.net/facelist-nogizaka46/伊藤かりん（いとうかりん）.jpg,伊藤かりん（いとうかりん）,1
http://yoichikademo.blob.core.windows.net/facelist-nogizaka46/伊藤万理華（いとうまりか）.jpg,伊藤万理華（いとうまりか）,1
http://yoichikademo.blob.core.windows.net/facelist-nogizaka46/伊藤寧々（いとうねね）.jpg,伊藤寧々（いとうねね）,1
http://yoichikademo.blob.core.windows.net/facelist-nogizaka46/伊藤純奈（いとうじゅんな）.jpg,伊藤純奈（いとうじゅんな）,1
http://yoichikademo.blob.core.windows.net/facelist-nogizaka46/佐々木琴子（ささきことこ）.jpg,佐々木琴子（ささきことこ）,1
http://yoichikademo.blob.core.windows.net/facelist-nogizaka46/北野日奈子（きたのひなこ）.jpg,北野日奈子（きたのひなこ）,1
http://yoichikademo.blob.core.windows.net/facelist-nogizaka46/和田まあや（わだまあや）.jpg,和田まあや（わだまあや）,1
http://yoichikademo.blob.core.windows.net/facelist-nogizaka46/堀未央奈（ほりみおな）.jpg,堀未央奈（ほりみおな）,1
http://yoichikademo.blob.core.windows.net/facelist-nogizaka46/大和里菜（やまとりな）.jpg,大和里菜（やまとりな）,1
http://yoichikademo.blob.core.windows.net/facelist-nogizaka46/寺田蘭世（てらだらんぜ）.jpg,寺田蘭世（てらだらんぜ）,1
http://yoichikademo.blob.core.windows.net/facelist-nogizaka46/山崎怜奈（やまざきれな）.jpg,山崎怜奈（やまざきれな）,1
http://yoichikademo.blob.core.windows.net/facelist-nogizaka46/川後陽菜（かわごひな）.jpg,川後陽菜（かわごひな）,1
http://yoichikademo.blob.core.windows.net/facelist-nogizaka46/川村真洋（かわむらまひろ）.jpg,川村真洋（かわむらまひろ）,1
http://yoichikademo.blob.core.windows.net/facelist-nogizaka46/斉藤優里（さいとうゆうり）.jpg,斉藤優里（さいとうゆうり）,1
http://yoichikademo.blob.core.windows.net/facelist-nogizaka46/斎藤ちはる（さいとうちはる）.jpg,斎藤ちはる（さいとうちはる）,1
http://yoichikademo.blob.core.windows.net/facelist-nogizaka46/新内眞衣（しんうちまい）.jpg,新内眞衣（しんうちまい）,1
http://yoichikademo.blob.core.windows.net/facelist-nogizaka46/星野みなみ（ほしのみなみ）.jpg,星野みなみ（ほしのみなみ）,1
http://yoichikademo.blob.core.windows.net/facelist-nogizaka46/松井玲奈（まついれな）.jpg,松井玲奈（まついれな）,1
http://yoichikademo.blob.core.windows.net/facelist-nogizaka46/松村沙友理（まつむらさゆり）.jpg,松村沙友理（まつむらさゆり）,1
http://yoichikademo.blob.core.windows.net/facelist-nogizaka46/桜井玲香（さくらいれいか）.jpg,桜井玲香（さくらいれいか）,1
http://yoichikademo.blob.core.windows.net/facelist-nogizaka46/桜井玲香（さくらいれいか）2.jpg,桜井玲香（さくらいれいか）,1
http://yoichikademo.blob.core.windows.net/facelist-nogizaka46/桜井玲香（さくらいれいか）3.jpg,桜井玲香（さくらいれいか）,1
http://yoichikademo.blob.core.windows.net/facelist-nogizaka46/桜井玲香（さくらいれいか）4.jpg,桜井玲香（さくらいれいか）,1
http://yoichikademo.blob.core.windows.net/facelist-nogizaka46/桜井玲香（さくらいれいか）5.jpg,桜井玲香（さくらいれいか）,1
http://yoichikademo.blob.core.windows.net/facelist-nogizaka46/樋口日奈（ひぐちひな）.jpg,樋口日奈（ひぐちひな）,1
http://yoichikademo.blob.core.windows.net/facelist-nogizaka46/橋本奈々未（はしもとななみ）.jpg,橋本奈々未（はしもとななみ）,1
http://yoichikademo.blob.core.windows.net/facelist-nogizaka46/永島聖羅（ながしませいら）.jpg,永島聖羅（ながしませいら）,1
http://yoichikademo.blob.core.windows.net/facelist-nogizaka46/深川麻衣（ふかがわまい）.jpg,深川麻衣（ふかがわまい）,1
http://yoichikademo.blob.core.windows.net/facelist-nogizaka46/渡辺みり愛（わたなべみりあ）.jpg,渡辺みり愛（わたなべみりあ）,1
http://yoichikademo.blob.core.windows.net/facelist-nogizaka46/生田絵梨花（いくたえりか）.jpg,生田絵梨花（いくたえりか）,1
http://yoichikademo.blob.core.windows.net/facelist-nogizaka46/生駒里奈（いこまりな）.jpg,生駒里奈（いこまりな）,1
http://yoichikademo.blob.core.windows.net/facelist-nogizaka46/畠中清羅（はたｂなかせいら）.jpg,畠中清羅（はたｂなかせいら）,1
http://yoichikademo.blob.core.windows.net/facelist-nogizaka46/白石麻衣（しらいしまい）.jpg,白石麻衣（しらいしまい）,1
http://yoichikademo.blob.core.windows.net/facelist-nogizaka46/相楽伊織（さがらいおり）.jpg,相楽伊織（さがらいおり）,1
http://yoichikademo.blob.core.windows.net/facelist-nogizaka46/矢田里沙子（やだりさこ）.jpg,矢田里沙子（やだりさこ）,1
http://yoichikademo.blob.core.windows.net/facelist-nogizaka46/秋元真夏（あきもとまなつ）.jpg,秋元真夏（あきもとまなつ）,1
http://yoichikademo.blob.core.windows.net/facelist-nogizaka46/米徳京花（よねとくきょうか）.jpg,米徳京花（よねとくきょうか）,1
http://yoichikademo.blob.core.windows.net/facelist-nogizaka46/能條愛未（のうじょうあみ）.jpg,能條愛未（のうじょうあみ）,1
http://yoichikademo.blob.core.windows.net/facelist-nogizaka46/若月佑美（わかつきゆみ）.jpg,若月佑美（わかつきゆみ）,1
http://yoichikademo.blob.core.windows.net/facelist-nogizaka46/衛藤美彩（えとうみさ）.jpg,衛藤美彩（えとうみさ）,1
http://yoichikademo.blob.core.windows.net/facelist-nogizaka46/西野七瀬（にしのななせ）.jpg,西野七瀬（にしのななせ）,1
http://yoichikademo.blob.core.windows.net/facelist-nogizaka46/鈴木絢音（すずきあやね）.jpg,鈴木絢音（すずきあやね）,1
http://yoichikademo.blob.core.windows.net/facelist-nogizaka46/高山一実（たかやまかずみ）.jpg,高山一実（たかやまかずみ）,1
http://yoichikademo.blob.core.windows.net/facelist-nogizaka46/齋藤飛鳥（さいとうあすか）.jpg,齋藤飛鳥（さいとうあすか）,1
http://yoichikademo.blob.core.windows.net/facelist-nogizaka46/齋藤飛鳥（さいとうあすか）2.jpg,齋藤飛鳥（さいとうあすか）,1
http://yoichikademo.blob.core.windows.net/facelist-nogizaka46/山﨑怜奈（やまざきれな）.jpg,山﨑怜奈（やまざきれな）,1
